{"mips_tcc": 26.96716, "Simulation_Time_tcc": 28.1854, "CPU_Time_tcc": 22.1902, "CPU_Cycle_tcc": 710088000.0, "mips_gcc": 39.79368, "Simulation_Time_gcc": 17.2317, "CPU_Time_gcc": 22.1902, "CPU_Cycle_gcc": 710088000.0, "mips_llvm": 22.8738, "Simulation_Time_llvm": 29.726, "CPU_Time_llvm": 22.1902, "CPU_Cycle_llvm": 710088000.0, "best_mips_tcc": 27.675780000000003, "best_mips_gcc": 35.4917, "best_mips_llvm": 21.37446, "best_hash": "8a2c3b1ffb9e8b6338cbcb56671c80940e44ad27", "regressed_hash": null}