{"mips": 29.508140000000004, "Simulation_Time": 22.0686, "CPU_Time": 22.1902, "CPU_cycle": 710088000.0, "best_mips": 30.77126, "best_hash": "4e1a250a0e1ebe050835ae8d682a72c9812132dc", "regressed_hash": null}