{"mips": 0.184222, "Simulation_Time": 0.44289, "CPU_Time": 0.00254969, "CPU_cycle": 81590, "best_mips": 0.184222, "best_hash": "d32eba2f5ad5790be3b63b73b2cbc550e17c2ebe", "regressed_hash": null}