{"mips": 0.0575504, "Simulation_Time": 1.41771, "CPU_Time": 0.00254969, "CPU_cycle": 81590, "best_mips": 0.0575504, "best_hash": "179dac83a2b6e15dee9e9c78da295a0d8cdf7045", "regressed_hash": null}