{"mips_tcc": 27.97996, "Simulation_Time_tcc": 22.3125, "CPU_Time_tcc": 22.1902, "CPU_Cycle_tcc": 710088000.0, "mips_gcc": 40.05254, "Simulation_Time_gcc": 15.3571, "CPU_Time_gcc": 22.1902, "CPU_Cycle_gcc": 710088000.0, "mips_llvm": 20.433819999999997, "Simulation_Time_llvm": 33.2788, "CPU_Time_llvm": 22.1902, "CPU_Cycle_llvm": 710088000.0, "best_mips_tcc": 27.675780000000003, "best_mips_gcc": 35.4917, "best_mips_llvm": 21.37446, "best_hash": "8a2c3b1ffb9e8b6338cbcb56671c80940e44ad27", "regressed_hash": null}