{"mips": 28.746760000000002, "Simulation_Time": 20.4119, "CPU_Time": 22.1902, "CPU_cycle": 710088000.0, "best_mips_llvm": 28.746760000000002, "best_hash_llvm": "246888cfd48f8d6879184450a321624789088c21", "regressed_hash_llvm": null}