{"mips": 0.0625027, "Simulation_Time": 1.30538, "CPU_Time": 0.00254969, "CPU_cycle": 81590, "best_mips": 0.0625027, "best_hash": "089ff7af6d6eb8c987ed970ffec67da0b33541fa", "regressed_hash": null}