{"mips": 0.180608, "Simulation_Time": 0.451753, "CPU_Time": 0.00254969, "CPU_cycle": 81590, "best_mips": 0.180608, "best_hash": "12cc6a83caaa64a90d399a8e3c6ce81217e93bec", "regressed_hash": null}