{"mips": 0.0582278, "Simulation_Time": 1.40122, "CPU_Time": 0.00254969, "CPU_cycle": 81590, "best_mips": 0.0582278, "best_hash": "061080a5cecff312b1f144b4cacfa2c877261cb7", "regressed_hash": null}