{"mips_tcc": 27.675780000000003, "mips_gcc": 35.4917, "mips_llvm": 21.37446, "best_mips_tcc": 27.675780000000003, "best_mips_gcc": 35.4917, "best_mips_llvm": 21.37446, "best_hash": "8a2c3b1ffb9e8b6338cbcb56671c80940e44ad27", "regressed_hash": null}