{"gcc": {"mips": [[38.16646, "57689683"], [35.24176, "36c24f00"], [35.35766, "0f234518"], [38.73354, "20bae823"], [36.3097, "7a44d293"], [34.24154, "55d072e9"], [35.31476, "10103f84"], [37.86658, "029592fb"], [35.17712, "052c5252"], [37.85052, "889c1ae4"], [34.45164, "d096cb03"]], "best_mips": 38.73354, "best_hash": "20bae823", "regressed_hash": null}, "llvm": {"mips": [[21.57088, "57689683"], [22.24432, "36c24f00"], [21.06982, "0f234518"], [20.83792, "20bae823"], [22.3836, "7a44d293"], [21.82206, "55d072e9"], [21.44132, "10103f84"], [20.3031, "029592fb"], [21.12542, "052c5252"], [20.679100000000002, "889c1ae4"], [20.39376, "d096cb03"]], "best_mips": 22.3836, "best_hash": "7a44d293", "regressed_hash": null}, "tcc": {"mips": [[28.99006, "57689683"], [28.11444, "36c24f00"], [30.545659999999998, "0f234518"], [28.91478, "20bae823"], [28.65946, "7a44d293"], [27.35942, "55d072e9"], [27.255480000000002, "10103f84"], [28.0085, "029592fb"], [30.0049, "052c5252"], [25.26182, "889c1ae4"], [28.912879999999998, "d096cb03"]], "best_mips": 30.545659999999998, "best_hash": "0f234518", "regressed_hash": null}}