{"gcc": {"mips": [[38.16646, "57689683"], [35.24176, "36c24f00"]], "best_mips": 38.16646, "best_hash": "57689683", "regressed_hash": null}, "llvm": {"mips": [[21.57088, "57689683"], [22.24432, "36c24f00"]], "best_mips": 22.24432, "best_hash": "36c24f00", "regressed_hash": null}, "tcc": {"mips": [[28.99006, "57689683"], [28.11444, "36c24f00"]], "best_mips": 28.99006, "best_hash": "57689683", "regressed_hash": null}}