{"gcc": {"mips": [[33.1471, "79036e6e"], [35.5835, "5729cd02"], [35.41322, "0e08314c"], [32.38568, "8e2577d3"], [31.13782, "f869ef35"]], "best_mips": 35.5835, "best_hash": "5729cd02", "regressed_hash": null}, "llvm": {"mips": [[21.240299999999998, "79036e6e"], [21.38354, "5729cd02"], [18.96292, "0e08314c"], [25.17122, "8e2577d3"], [20.80418, "f869ef35"]], "best_mips": 25.17122, "best_hash": "8e2577d3", "regressed_hash": null}, "tcc": {"mips": [[25.94044, "79036e6e"], [27.80218, "5729cd02"], [27.30028, "0e08314c"], [27.46964, "8e2577d3"], [29.83604, "f869ef35"]], "best_mips": 29.83604, "best_hash": "f869ef35", "regressed_hash": null}}