{"gcc": {"mips": [[38.16646, "57689683"], [35.24176, "36c24f00"], [35.35766, "0f234518"], [38.73354, "20bae823"]], "best_mips": 38.73354, "best_hash": "20bae823", "regressed_hash": null}, "llvm": {"mips": [[21.57088, "57689683"], [22.24432, "36c24f00"], [21.06982, "0f234518"], [20.83792, "20bae823"]], "best_mips": 22.24432, "best_hash": "36c24f00", "regressed_hash": null}, "tcc": {"mips": [[28.99006, "57689683"], [28.11444, "36c24f00"], [30.545659999999998, "0f234518"], [28.91478, "20bae823"]], "best_mips": 30.545659999999998, "best_hash": "0f234518", "regressed_hash": null}}