{"gcc": {"Simulation_Time": [[2.885306, "79036e6e"], [2.37974, "5729cd02"]], "best_Simulation_Time": 2.37974, "best_hash": "5729cd02", "regressed_hash": null}, "llvm": {"Simulation_Time": [[245.915, "79036e6e"], [235.609, "5729cd02"]], "best_Simulation_Time": 235.609, "best_hash": "5729cd02", "regressed_hash": null}, "tcc": {"Simulation_Time": [[7.1499760000000006, "79036e6e"], [7.10727, "5729cd02"]], "best_Simulation_Time": 7.10727, "best_hash": "5729cd02", "regressed_hash": null}}