{"gcc": {"mips": [[38.16646, "57689683"], [35.24176, "36c24f00"], [35.35766, "0f234518"], [38.73354, "20bae823"], [36.3097, "7a44d293"], [34.24154, "55d072e9"], [35.31476, "10103f84"], [37.86658, "029592fb"], [35.17712, "052c5252"], [37.85052, "889c1ae4"], [34.45164, "d096cb03"], [36.5292, "896174e8"], [36.27854, "7111afb2"], [36.959379999999996, "6c6de7cb"], [35.40774, "a5b53ec3"], [38.69968, "39928110"], [34.31824, "4a6d0b24"], [36.2418, "aad0cbda"], [35.1421, "1f0443a9"], [33.66034, "bfff3632"], [35.11972, "c12a1cba"], [34.129180000000005, "688fe70c"], [39.26052, "d093fa1f"], [35.13316, "25bb5708"], [33.89702, "d23d1a5f"], [35.013999999999996, "5937d786"], [33.2892, "c0caf947"], [33.90282, "e809c246"], [34.91862, "002ff0cc"], [34.8745, "72de8a5a"], [32.54062, "1ef509e7"], [31.85454, "491261b4"], [34.09162, "8c935623"], [39.40394, "0eba9215"], [37.09416, "01ffb7d0"], [33.99156, "4722cadd"], [34.80294, "e9cdbe27"], [35.07204, "7f319fe4"], [34.39345, "e705bf87"], [36.66428, "dfc9ae03"], [35.45845, "4a72e330"], [34.51028, "4ca43ba1"], [34.3986, "6a4c7f04"], [34.3339, "6415d075"], [38.2307, "c08d6c7b"], [36.03165, "f3b49066"], [32.5851, "da2d490e"], [33.63, "1cb61fc8"]], "best_mips": 39.40394, "best_hash": "0eba9215", "regressed_hash": null}, "llvm": {"mips": [[21.57088, "57689683"], [22.24432, "36c24f00"], [21.06982, "0f234518"], [20.83792, "20bae823"], [22.3836, "7a44d293"], [21.82206, "55d072e9"], [21.44132, "10103f84"], [20.3031, "029592fb"], [21.12542, "052c5252"], [20.679100000000002, "889c1ae4"], [20.39376, "d096cb03"], [20.13508, "896174e8"], [20.162959999999998, "7111afb2"], [23.04676, "6c6de7cb"], [20.2335, "a5b53ec3"], [21.33324, "39928110"], [19.96238, "4a6d0b24"], [21.61498, "aad0cbda"], [22.631, "1f0443a9"], [21.43312, "bfff3632"], [19.37014, "c12a1cba"], [20.91584, "688fe70c"], [23.39602, "d093fa1f"], [20.78942, "25bb5708"], [21.73188, "d23d1a5f"], [22.3381, "5937d786"], [19.43492, "c0caf947"], [19.14982, "e809c246"], [20.89788, "002ff0cc"], [19.77408, "72de8a5a"], [19.66752, "1ef509e7"], [19.76638, "491261b4"], [21.89036, "8c935623"], [21.29846, "0eba9215"], [22.57792, "01ffb7d0"], [20.61206, "4722cadd"], [21.565, "e9cdbe27"], [20.24036, "7f319fe4"], [22.61045, "e705bf87"], [19.67642, "dfc9ae03"], [22.5268, "4a72e330"], [23.82824, "4ca43ba1"], [21.3384, "6a4c7f04"], [20.64638, "6415d075"], [17.8069, "c08d6c7b"], [20.6863, "f3b49066"], [21.7433, "da2d490e"], [22.808799999999998, "1cb61fc8"]], "best_mips": 23.82824, "best_hash": "4ca43ba1", "regressed_hash": null}, "tcc": {"mips": [[28.99006, "57689683"], [28.11444, "36c24f00"], [30.545659999999998, "0f234518"], [28.91478, "20bae823"], [28.65946, "7a44d293"], [27.35942, "55d072e9"], [27.255480000000002, "10103f84"], [28.0085, "029592fb"], [30.0049, "052c5252"], [25.26182, "889c1ae4"], [28.912879999999998, "d096cb03"], [29.32134, "896174e8"], [28.18508, "7111afb2"], [28.34864, "6c6de7cb"], [29.03142, "a5b53ec3"], [26.7122, "39928110"], [26.49474, "4a6d0b24"], [25.388099999999998, "aad0cbda"], [28.08152, "1f0443a9"], [27.93682, "bfff3632"], [27.3021, "c12a1cba"], [26.50968, "688fe70c"], [27.829140000000002, "d093fa1f"], [28.77686, "25bb5708"], [29.062, "d23d1a5f"], [26.8612, "5937d786"], [26.62882, "c0caf947"], [27.67468, "e809c246"], [27.91994, "002ff0cc"], [25.661640000000002, "72de8a5a"], [25.5685, "1ef509e7"], [24.42374, "491261b4"], [29.94568, "8c935623"], [28.32634, "0eba9215"], [26.02356, "01ffb7d0"], [27.88034, "4722cadd"], [29.064999999999998, "e9cdbe27"], [27.55564, "7f319fe4"], [27.8401, "e705bf87"], [29.417440000000003, "dfc9ae03"], [28.618199999999998, "4a72e330"], [24.8611, "4ca43ba1"], [28.3121, "6a4c7f04"], [27.91114, "6415d075"], [24.1612, "c08d6c7b"], [23.0811, "f3b49066"], [29.466, "da2d490e"], [25.7306, "1cb61fc8"]], "best_mips": 30.545659999999998, "best_hash": "0f234518", "regressed_hash": null}, "translationgcc": {"mips": [[34.596000000000004, "01ffb7d0"], [36.86136, "4722cadd"], [32.60104, "e9cdbe27"], [38.2329, "7f319fe4"]], "best_mips": 38.2329, "best_hash": "7f319fe4", "regressed_hash": null}, "translationllvm": {"mips": [[19.960549999999998, "01ffb7d0"], [20.061, "4722cadd"], [19.52856, "e9cdbe27"], [24.2439, "7f319fe4"]], "best_mips": 24.2439, "best_hash": "7f319fe4", "regressed_hash": null}, "translationtcc": {"mips": [[29.4993, "01ffb7d0"], [27.32576, "4722cadd"], [27.00994, "e9cdbe27"], [28.716050000000003, "7f319fe4"]], "best_mips": 29.4993, "best_hash": "01ffb7d0", "regressed_hash": null}}