{"gcc": {"Simulation_Time": [[2.885306, "79036e6e"], [2.37974, "5729cd02"], [2.611628, "0e08314c"], [3.061216, "04152172"], [2.754282, "843411ef"], [2.678322, "8e2577d3"], [2.778076, "f869ef35"], [2.78451, "e75442de"]], "best_Simulation_Time": 2.37974, "best_hash": "5729cd02", "regressed_hash": null}, "llvm": {"Simulation_Time": [[245.915, "79036e6e"], [235.609, "5729cd02"], [243.2164, "0e08314c"], [257.8118, "04152172"], [236.2886, "843411ef"], [240.1096, "8e2577d3"], [262.5134, "f869ef35"], [269.1172, "e75442de"]], "best_Simulation_Time": 235.609, "best_hash": "5729cd02", "regressed_hash": null}, "tcc": {"Simulation_Time": [[7.1499760000000006, "79036e6e"], [7.10727, "5729cd02"], [6.724158, "0e08314c"], [6.440988, "04152172"], [6.37706, "843411ef"], [6.395386, "8e2577d3"], [6.687408, "f869ef35"], [7.246742, "e75442de"]], "best_Simulation_Time": 6.37706, "best_hash": "843411ef", "regressed_hash": null}}