{"gcc": {"mips": [[33.1471, "79036e6e"], [35.5835, "5729cd02"], [35.41322, "0e08314c"], [32.38568, "8e2577d3"], [31.13782, "f869ef35"], [37.1322, "e75442de"], [34.57796, "d6d35188"]], "best_mips": 37.1322, "best_hash": "e75442de", "regressed_hash": null}, "llvm": {"mips": [[21.240299999999998, "79036e6e"], [21.38354, "5729cd02"], [18.96292, "0e08314c"], [25.17122, "8e2577d3"], [20.80418, "f869ef35"], [23.78846, "e75442de"], [22.228460000000002, "d6d35188"]], "best_mips": 25.17122, "best_hash": "8e2577d3", "regressed_hash": null}, "tcc": {"mips": [[25.94044, "79036e6e"], [27.80218, "5729cd02"], [27.30028, "0e08314c"], [27.46964, "8e2577d3"], [29.83604, "f869ef35"], [28.16846, "e75442de"], [28.56876, "d6d35188"]], "best_mips": 29.83604, "best_hash": "f869ef35", "regressed_hash": null}}