{"gcc": {"mips": [[36.25934, "c58b21e3"], [39.42932, "5625ea3e"], [40.02022, "bbda7f0c"], [38.96432, "22a0593d"], [37.886, "2e209fb7"], [37.52226, "01d5a88d"], [37.32006, "25b7facd"], [36.53226, "3c9f87f8"], [38.26344, "77090b91"], [39.66084, "a06f986b"], [38.46782, "9d3fc54c"], [36.68338, "5880ec21"], [31.72447, "8da22976"], [39.622099999999996, "d0e12d83"]], "best_mips": 40.02022, "best_hash": "bbda7f0c", "regressed_hash": null}, "llvm": {"mips": [[21.67186, "c58b21e3"], [20.32686, "5625ea3e"], [21.12868, "bbda7f0c"], [22.64874, "22a0593d"], [21.76174, "2e209fb7"], [20.975559999999998, "01d5a88d"], [21.48482, "25b7facd"], [22.70426, "3c9f87f8"], [21.98092, "77090b91"], [22.96364, "a06f986b"], [23.24448, "9d3fc54c"], [20.91922, "5880ec21"], [21.04486, "8da22976"], [19.637439999999998, "d0e12d83"]], "best_mips": 23.24448, "best_hash": "9d3fc54c", "regressed_hash": null}, "tcc": {"mips": [[28.67446, "c58b21e3"], [28.91498, "5625ea3e"], [28.98236, "bbda7f0c"], [30.24178, "22a0593d"], [27.06948, "2e209fb7"], [27.820819999999998, "01d5a88d"], [29.68502, "25b7facd"], [28.70996, "3c9f87f8"], [26.8662, "77090b91"], [26.77908, "a06f986b"], [31.37628, "9d3fc54c"], [27.00514, "5880ec21"], [28.322119999999998, "8da22976"], [27.42668, "d0e12d83"]], "best_mips": 31.37628, "best_hash": "9d3fc54c", "regressed_hash": null}}