{"gcc": {"mips": [[36.25934, "c58b21e3"], [39.42932, "5625ea3e"]], "best_mips": 39.42932, "best_hash": "5625ea3e", "regressed_hash": null}, "llvm": {"mips": [[21.67186, "c58b21e3"], [20.32686, "5625ea3e"]], "best_mips": 21.67186, "best_hash": "c58b21e3", "regressed_hash": null}, "tcc": {"mips": [[28.67446, "c58b21e3"], [28.91498, "5625ea3e"]], "best_mips": 28.91498, "best_hash": "5625ea3e", "regressed_hash": null}}